model,description,mae,rmse,bias,median_absolute_error,max_absolute_error,pearson,spearman,kendall,r2,accuracy,balanced_accuracy,macro_f1,weighted_f1,prediction_mean,prediction_std,predicted_low_count,predicted_medium_count,predicted_high_count
mean_baseline,Out-of-fold среднее фактического качества,0.09722685733333333,0.11290290886798957,-1.628327102783563e-17,0.09491060000000001,0.27248120833333334,-0.06394548057809361,-0.07174442724917014,-0.05125285924134016,-0.002300076273579199,0.6666666666666666,0.3333333333333333,0.26666666666666666,0.5333333333333333,0.6482422133333334,0.0018088752197625642,0,150,0
prior_only_baseline,Только априорные feature-компоненты без LDA,0.11182212466744895,0.13211309386475656,-0.10771008772152825,0.11045477939199003,0.30971996800451845,0.8482473879070187,0.8590515134005956,0.6665771812080536,-0.3723953152466415,0.5133333333333333,0.6456462585034013,0.3931547300596369,0.5804602705491541,0.5405321256118051,0.1439457092565406,42,91,17
theta_only_baseline,Только латентная компонента q_latent,0.3041245324865814,0.36054419164092977,-0.22872079717436142,0.24346234853055004,0.6363587504629,0.8643067885365794,0.8666891861860527,0.6774944071588367,-9.221261693560972,0.34,0.6248979591836735,0.3430737205922784,0.4039629236872079,0.419521416158972,0.37158801534558367,81,26,43
chapter5_model,Неизменный интегральный прогноз главы 5,0.15924416685631146,0.19440271102220305,-0.14939864470445038,0.1452399879442813,0.37666320802262926,0.8920527352062814,0.881768967509667,0.6993288590604027,-1.9716122140335437,0.44666666666666666,0.6678231292517007,0.42251516924389226,0.5552571279987696,0.49884356862888296,0.2147846963694056,67,49,34
