{
  "stage": 8,
  "report_type": "interval_prediction_validation",
  "passed": true,
  "row_count": 150,
  "expected_row_count": 150,
  "coverage_condition": "q_pred_lower <= q_fact <= q_pred_upper",
  "distance_definition": "0 внутри интервала; иначе расстояние до ближайшей границы",
  "metrics": {
    "coverage_rate": 0.18666666666666668,
    "covered_count": 28,
    "miss_count": 122,
    "mean_interval_width": 0.08418315325643524,
    "median_interval_width": 0.09743192032480363,
    "min_interval_width": 0.029825129753644097,
    "max_interval_width": 0.1616081492819207,
    "miss_lower_count": 11,
    "miss_upper_count": 111,
    "mean_distance_to_interval": 0.12117878510543256,
    "mean_miss_distance": 0.1489903095558597,
    "max_distance_to_interval": 0.3530994296688182
  },
  "slices": {
    "by_factual_class": [
      {
        "group": "low",
        "count": 1,
        "covered_count": 0,
        "coverage_rate": 0.0,
        "mean_interval_width": 0.08659556179715358,
        "median_interval_width": 0.08659556179715358,
        "miss_lower_count": 0,
        "miss_upper_count": 1,
        "mean_distance_to_interval": 0.1678391046699279,
        "mean_miss_distance": 0.1678391046699279,
        "mean_uncertainty_score": 0.2886518726571784,
        "mean_q_pred": 0.2093401144314953,
        "mean_q_fact": 0.420477
      },
      {
        "group": "medium",
        "count": 100,
        "covered_count": 12,
        "coverage_rate": 0.12,
        "mean_interval_width": 0.09256159343402659,
        "median_interval_width": 0.10669341242553029,
        "miss_lower_count": 3,
        "miss_upper_count": 85,
        "mean_distance_to_interval": 0.16007347397966662,
        "mean_miss_distance": 0.18190167497689388,
        "mean_uncertainty_score": 0.30853864478008863,
        "mean_q_pred": 0.38568314376143237,
        "mean_q_fact": 0.5825886299999999
      },
      {
        "group": "high",
        "count": 49,
        "covered_count": 16,
        "coverage_rate": 0.32653061224489793,
        "mean_interval_width": 0.06703506292378514,
        "median_interval_width": 0.061059331918254856,
        "miss_lower_count": 8,
        "miss_upper_count": 25,
        "mean_distance_to_interval": 0.04084961761588355,
        "mean_miss_distance": 0.060655492823584664,
        "mean_uncertainty_score": 0.22345020974595045,
        "mean_q_pred": 0.7356914449746472,
        "mean_q_fact": 0.786877387755102
      }
    ],
    "by_predicted_class": [
      {
        "group": "low",
        "count": 67,
        "covered_count": 0,
        "coverage_rate": 0.0,
        "mean_interval_width": 0.08270132189445073,
        "median_interval_width": 0.0962932479666043,
        "miss_lower_count": 0,
        "miss_upper_count": 67,
        "mean_distance_to_interval": 0.21706703176050574,
        "mean_miss_distance": 0.21706703176050574,
        "mean_uncertainty_score": 0.2756710729815024,
        "mean_q_pred": 0.29205082968032864,
        "mean_q_fact": 0.5504685223880598
      },
      {
        "group": "medium",
        "count": 49,
        "covered_count": 14,
        "coverage_rate": 0.2857142857142857,
        "mean_interval_width": 0.11437509808042808,
        "median_interval_width": 0.11188191685395782,
        "miss_lower_count": 2,
        "miss_upper_count": 33,
        "mean_distance_to_interval": 0.05984360191488713,
        "mean_miss_distance": 0.08378104268084198,
        "mean_uncertainty_score": 0.38125032693476024,
        "mean_q_pred": 0.5756792880407885,
        "mean_q_fact": 0.6763505918367347
      },
      {
        "group": "high",
        "count": 34,
        "covered_count": 14,
        "coverage_rate": 0.4117647058823529,
        "mean_interval_width": 0.04359131222341504,
        "median_interval_width": 0.030616677606789988,
        "miss_lower_count": 9,
        "miss_upper_count": 11,
        "mean_distance_to_interval": 0.02061735717739798,
        "mean_miss_distance": 0.03504950720157657,
        "mean_uncertainty_score": 0.14530437407805008,
        "mean_q_pred": 0.7956130762279939,
        "mean_q_fact": 0.8004047647058824
      }
    ],
    "by_dominant_factor": [
      {
        "group": "theta_0",
        "count": 34,
        "covered_count": 0,
        "coverage_rate": 0.0,
        "mean_interval_width": 0.09151105390529042,
        "median_interval_width": 0.1058398696843004,
        "miss_lower_count": 0,
        "miss_upper_count": 34,
        "mean_distance_to_interval": 0.20494577187330207,
        "mean_miss_distance": 0.20494577187330207,
        "mean_uncertainty_score": 0.305036846350968,
        "mean_q_pred": 0.3454182011740527,
        "mean_q_fact": 0.5961194999999999
      },
      {
        "group": "theta_1",
        "count": 46,
        "covered_count": 0,
        "coverage_rate": 0.0,
        "mean_interval_width": 0.08343740002148357,
        "median_interval_width": 0.09964907301490211,
        "miss_lower_count": 0,
        "miss_upper_count": 46,
        "mean_distance_to_interval": 0.19158703951140982,
        "mean_miss_distance": 0.19158703951140982,
        "mean_uncertainty_score": 0.2781246667382785,
        "mean_q_pred": 0.3111511083039354,
        "mean_q_fact": 0.5444568478260869
      },
      {
        "group": "theta_2",
        "count": 70,
        "covered_count": 28,
        "coverage_rate": 0.4,
        "mean_interval_width": 0.08111395363853097,
        "median_interval_width": 0.09038309924804344,
        "miss_lower_count": 11,
        "miss_upper_count": 31,
        "mean_distance_to_interval": 0.03422368149425376,
        "mean_miss_distance": 0.0570394691570896,
        "mean_uncertainty_score": 0.2703798454617698,
        "mean_q_pred": 0.6967052210347662,
        "mean_q_fact": 0.7417607714285714
      }
    ],
    "by_uncertainty_quantile": [
      {
        "group": "Q1",
        "count": 38,
        "covered_count": 4,
        "coverage_rate": 0.10526315789473684,
        "mean_interval_width": 0.0305321258659428,
        "median_interval_width": 0.030438011748392002,
        "miss_lower_count": 6,
        "miss_upper_count": 28,
        "mean_distance_to_interval": 0.12948645914436288,
        "mean_miss_distance": 0.14472016022017026,
        "mean_uncertainty_score": 0.10177375288647596,
        "mean_q_pred": 0.569070989169499,
        "mean_q_fact": 0.6958421052631578,
        "uncertainty_score_min": 0.0994170991788137,
        "uncertainty_score_max": 0.1044749885946898
      },
      {
        "group": "Q2",
        "count": 37,
        "covered_count": 11,
        "coverage_rate": 0.2972972972972973,
        "mean_interval_width": 0.0691370509353882,
        "median_interval_width": 0.07441041722788688,
        "miss_lower_count": 5,
        "miss_upper_count": 21,
        "mean_distance_to_interval": 0.1148621494020054,
        "mean_miss_distance": 0.16345767414900766,
        "mean_uncertainty_score": 0.23045683645129394,
        "mean_q_pred": 0.5242268270047358,
        "mean_q_fact": 0.6479301891891892,
        "uncertainty_score_min": 0.1047661827337218,
        "uncertainty_score_max": 0.3246319459215847
      },
      {
        "group": "Q3",
        "count": 37,
        "covered_count": 8,
        "coverage_rate": 0.21621621621621623,
        "mean_interval_width": 0.1079347315350464,
        "median_interval_width": 0.10900701374614141,
        "miss_lower_count": 0,
        "miss_upper_count": 29,
        "mean_distance_to_interval": 0.12975416167487722,
        "mean_miss_distance": 0.16554841317139507,
        "mean_uncertainty_score": 0.35978243845015473,
        "mean_q_pred": 0.43629169919478233,
        "mean_q_fact": 0.6143003513513513,
        "uncertainty_score_min": 0.3249141895771065,
        "uncertainty_score_max": 0.3789124208380551
      },
      {
        "group": "Q4",
        "count": 38,
        "covered_count": 5,
        "coverage_rate": 0.13157894736842105,
        "mean_interval_width": 0.12935779616193105,