criterion,predicted_column,factual_column,description,mae,rmse,bias,pearson,spearman,kendall,r2,predicted_mean,factual_mean,predicted_std,factual_std,max_absolute_error
q_acc,q_acc_pred,q_acc,Точность восстановления сообщения,0.20892704166659282,0.2549953068815382,-0.19056167579084285,0.8396598334098799,0.8583211918928502,0.691816046791952,-3.4535252330726927,0.4677022108758239,0.6582638866666667,0.25853261374383396,0.12123631406945752,0.5297105091044816
q_time,q_time_pred,q_time,Временная эффективность,0.17022825766637362,0.2252667112466207,-0.11261542295854984,0.5837591021841233,0.5944744210853816,0.41906040268456374,-3.3312082569938823,0.5528510437081169,0.6654664666666665,0.23816370349953142,0.10860378987477054,0.531707380187747
q_effort,q_effort_pred,q_effort,Трудоемкость ручной процедуры,0.15606408721472015,0.18492850110409348,-0.04722535731478095,0.6229871964954887,0.6117192472765158,0.4556094223959342,-0.6943422141330642,0.507219082685219,0.5544444399999999,0.2293380163930308,0.14254624427701684,0.4437468895242754
q_res,q_res_pred,q_res,Результативность и устойчивость,0.20566567233896757,0.2560608882693847,-0.1013408764948141,0.632817307527778,0.6328172126284024,0.5184125397763869,0.2787144734977528,0.4523257901718526,0.5536666666666668,0.2197582964700712,0.3025116707863825,0.6467473128045242
q_rep,q_rep_pred,q_rep,Повторяемость результата,0.2244516837472475,0.27452572760330524,-0.15728025353641123,0.6036555757707361,0.5981718447498416,0.46026612030810204,-0.31673435252271487,0.5282752331302554,0.6855554866666668,0.2646681891792586,0.24004157272108634,0.6954968225593601
q_fit,q_fit_pred,q_fit,Соответствие условиям применения,0.3442877621221375,0.3884255162960927,-0.3442877621221375,0.8633228363900988,0.8732743677496778,0.6902013422818792,-45.852657867711045,0.4846880512111956,0.8289758133333334,0.2272889731579527,0.0569368099206311,0.6595563386375659
