document_index,run_id,protocol_id,scenario_id,theta_0,theta_1,theta_2,theta_3,theta_4,theta_5,theta_6,selected_k,doc_topic_prior,topic_word_prior,random_state
0,1,doc_000000,A_001,0.00842151971175,0.00840353232982,0.949533691665,0.00840353232982,0.00840338810818,0.00840353232982,0.00843080352512,7,,,11
1,2,doc_000001,A_001,0.0143264103946,0.0142859491967,0.0142857620454,0.0142859491967,0.914244212641,0.0142859491967,0.0142857673291,7,,,11
2,3,doc_000002,A_001,0.0102219531303,0.0102042797944,0.0102041219202,0.0102042797944,0.938733333949,0.0102042797944,0.0102277516173,7,,,11
3,4,doc_000003,A_001,0.00952385397308,0.00952398459794,0.0095572821173,0.00952398459794,0.00953247118109,0.00952398459794,0.942814438935,7,,,11
4,5,doc_000004,A_001,0.934029229498,0.0109891913732,0.0110094779776,0.0109891913732,0.0110046666851,0.0109891913732,0.0109890517202,7,,,11
