metric,value
model_name,LDA_prior
n_components,7
top_n,10
document_count,150
token_count,96
perplexity,96.73380193573092
mean_coherence,-0.5924904437180457
topic_diversity,0.9
corpus_hash,5c68cbc758ee2bfff62e5f63770679249406af90454514fd4e954a054417f1a0
model_hash,074f579a8272ac01b92f6c963739b89787e6076ab1435c2f117a79b633e3ef3e
