document_index,run_id,protocol_id,scenario_id,theta_0,theta_1,theta_2,theta_3,theta_4,selected_k,doc_topic_prior,topic_word_prior,random_state
0,1,doc_000000,A_001,0.0117727489098,0.0117727489098,0.95266031183,0.0120277867744,0.0117664035761,5,,,11
1,2,doc_000001,A_001,0.0200103826209,0.0200103826209,0.0200017040185,0.0203001222114,0.919677408528,5,,,11
2,3,doc_000002,A_001,0.0142944229539,0.0142944229539,0.0143780709537,0.0144321087905,0.942600974348,5,,,11
3,4,doc_000003,A_001,0.0133417564828,0.0133417564828,0.946507088137,0.0133361048354,0.0134732940624,5,,,11
4,5,doc_000004,A_001,0.0153927695884,0.0153927695884,0.0154889028719,0.938199414929,0.0155261430223,5,,,11
