metric,value
model_name,LDA_prior
n_components,5
top_n,10
document_count,150
token_count,96
perplexity,95.18785254913462
mean_coherence,-0.562361746404932
topic_diversity,0.88
corpus_hash,5c68cbc758ee2bfff62e5f63770679249406af90454514fd4e954a054417f1a0
model_hash,c28c8ad501a400cbab770f7d422b517135fe2278e6fd76679b93950f3a9040d0
