model,description,mae,rmse,bias,median_absolute_error,max_absolute_error,pearson,spearman,kendall,r2,accuracy,balanced_accuracy,macro_f1,weighted_f1,prediction_mean,prediction_std,predicted_low_count,predicted_medium_count,predicted_high_count
mean_baseline,Out-of-fold среднее фактического качества,0.19596225794943786,0.22853278250740128,1.4802973661668754e-17,0.2200440576957869,0.3881869298918613,-0.31251947144450976,-0.29718105373256004,-0.2139408730648634,-0.05493848626797515,0.3333333333333333,0.3333333333333333,0.16666666666666666,0.16666666666666666,0.550796736514471,0.017456982288297528,0,120,0
prior_only_baseline,Только априорные feature-компоненты без LDA,0.09637372224427819,0.11942470638957985,-0.016213603810871023,0.0912166679023127,0.3144856286848816,0.9125222012504934,0.9155288561705675,0.7492997198879552,0.711916432741493,0.7416666666666667,0.7423400673400673,0.7384669817618628,0.7357281903388608,0.5345831327036,0.2798152671235928,51,33,36
theta_only_baseline,Только латентная компонента q_latent,0.11754970009742233,0.1440783376022065,0.021873012297618104,0.09400550361628457,0.31565430732965577,0.8014748207919473,0.7878185985137857,0.5644257703081232,0.5806974539826243,0.7166666666666667,0.7177609427609427,0.715048444345379,0.7175713565068453,0.5726697488120892,0.23002932798047718,39,39,42
chapter5_model,Неизменный интегральный прогноз главы 5,0.020222214283398734,0.02530018773688501,0.0009253734387477952,0.01778130764454372,0.07763631603358939,0.9936037572357744,0.9888672824501702,0.9137254901960784,0.9870706226918781,1.0,1.0,1.0,1.0,0.5517221099532189,0.22483703768910374,44,40,36
