document_index,run_id,protocol_id,scenario_id,theta_0,theta_1,theta_2,theta_3,selected_k,doc_topic_prior,topic_word_prior,random_state
0,1,doc_000000,A_001,0.0147251576977,0.0147298705913,0.955027035087,0.015517936624,4,,,11
1,2,doc_000001,A_001,0.0259698674304,0.92354289788,0.0250121269957,0.0254751076942,4,,,11
2,3,doc_000002,A_001,0.945194852638,0.0186033203291,0.0180515707555,0.0181502562772,4,,,11
3,4,doc_000003,A_001,0.0172964270726,0.0166918556687,0.949323768215,0.0166879490435,4,,,11
4,5,doc_000004,A_001,0.0195386208451,0.0196210834397,0.0195565986172,0.941283697098,4,,,11
