metric,value
model_name,LDA_prior
n_components,4
top_n,10
document_count,5
token_count,32
perplexity,63.945361979966854
mean_coherence,0.19793785284655252
topic_diversity,0.8
corpus_hash,18f86353c9a3a455c4ce8ff87ec05636d534b9a7f932c54b5798dd24fb337125
model_hash,5b1652faea0a900520fc9e2a1d4844c21577d4b85dd79178c062bfd9bdc76293
