document_index,run_id,protocol_id,scenario_id,theta_0,theta_1,theta_2,theta_3,theta_4,theta_5,theta_6,theta_7,selected_k,doc_topic_prior,topic_word_prior,random_state
0,1,doc_000000,A_001,0.00735296888418,0.00735296888418,0.00735296888418,0.00735296888418,0.00735294499193,0.00735296888418,0.948517415368,0.0073647952192,8,,,11
1,2,doc_000001,A_001,0.0125000351081,0.0125000351081,0.0125000351081,0.0125000351081,0.912485653093,0.0125000351081,0.0125000036801,0.0125141676865,8,,,11
2,3,doc_000002,A_001,0.00892860110073,0.00892860110073,0.00892860110073,0.00892860110073,0.937489502616,0.00892860110073,0.00893250526618,0.00893498661411,8,,,11
3,4,doc_000003,A_001,0.00833336221849,0.00833336221849,0.00833336221849,0.00833336221849,0.00833924639916,0.00833336221849,0.941660602632,0.00833333987629,8,,,11
4,5,doc_000004,A_001,0.00961541135586,0.00961541135586,0.00961541135586,0.00961541135586,0.00962092009837,0.00961541135586,0.00961957960393,0.932682443518,8,,,11
