document_index,run_id,protocol_id,scenario_id,theta_0,theta_1,theta_2,theta_3,theta_4,theta_5,selected_k,doc_topic_prior,topic_word_prior,random_state
0,1,doc_000000,A_001,0.00980500231528,0.00980500231528,0.00980500231528,0.00988199679358,0.00980409228934,0.950898903971,6,,,11
1,2,doc_000001,A_001,0.0166684632967,0.0166684632967,0.0166684632967,0.0167882236722,0.916539437904,0.0166669485335,6,,,11
2,3,doc_000002,A_001,0.0119059092848,0.0119059092848,0.0119059092848,0.0119633123359,0.940414012795,0.0119049470148,6,,,11
3,4,doc_000003,A_001,0.0111128115541,0.0111128115541,0.0111128115541,0.0111115959479,0.277217361305,0.678332608085,6,,,11
4,5,doc_000004,A_001,0.0128217258563,0.0128217258563,0.0128217258563,0.935814815871,0.0128600090428,0.0128599975172,6,,,11
