document_index,run_id,protocol_id,scenario_id,theta_0,theta_1,theta_2,selected_k,doc_topic_prior,topic_word_prior,random_state
0,1,doc_000000,A_001,0.0210747173117,0.0197951960279,0.95913008666,3,,,77
1,2,doc_000001,A_001,0.0365925173078,0.929967491525,0.0334399911669,3,,,77
2,3,doc_000002,A_001,0.946047809677,0.0290679466902,0.0248842436332,3,,,77
3,4,doc_000003,A_001,0.023451197937,0.0224196645152,0.954129137548,3,,,77
4,5,doc_000004,A_001,0.944410109588,0.0279806623344,0.0276092280771,3,,,77
