model,description,mae,rmse,bias,median_absolute_error,max_absolute_error,pearson,spearman,kendall,r2,accuracy,balanced_accuracy,macro_f1,weighted_f1,prediction_mean,prediction_std,predicted_low_count,predicted_medium_count,predicted_high_count
mean_baseline,Out-of-fold среднее фактического качества,0.2804929072426958,0.31229421281061703,-2.6367796834847467e-17,0.2968183400444371,0.6087652929644499,-0.15792564936056808,-0.1262211458898452,-0.09324828140873784,-0.01402903728335092,0.15833333333333333,0.3333333333333333,0.09112709832134293,0.043285371702637895,0.5949948313029464,0.01229556706284399,0,120,0
prior_only_baseline,Только априорные feature-компоненты без LDA,0.0240713098376071,0.030346547555493316,-0.0020527374030483523,0.02002798952195728,0.07066618599739619,0.9952625712080536,0.9903465518438781,0.9193277310924369,0.990424948946764,0.975,0.9676413255360624,0.9631230193027948,0.9751800633823107,0.5929420938998983,0.3071864108941155,44,20,56
theta_only_baseline,Только латентная компонента q_latent,0.2177370596654897,0.27094486760576064,-0.021698033399112533,0.17548801336464787,0.5866998743855338,0.5151977310925155,0.5116396972011945,0.3196078431372549,0.23671913261120392,0.525,0.5229253689780006,0.5068747677443329,0.568543292456336,0.5732967979038341,0.208505502413917,33,50,37
chapter5_model,Неизменный интегральный прогноз главы 5,0.10021652711408947,0.12458999895258699,-0.010893120600498848,0.09103788428415463,0.26479758474028636,0.9369436245265597,0.9071046600458366,0.7198879551820728,0.8386054433517403,0.85,0.8478975215817321,0.8155992844364937,0.8634979129397734,0.5841017107024478,0.2310617443325805,41,31,48
