document_index,run_id,protocol_id,scenario_id,theta_0,theta_1,theta_2,selected_k,doc_topic_prior,topic_word_prior,random_state
0,1,doc_000000,A_001,0.960348611152,0.0197084782864,0.019942910562,3,,,101
1,2,doc_000001,A_001,0.034381589084,0.931805791285,0.033812619631,3,,,101
2,3,doc_000002,A_001,0.025065379421,0.950724870773,0.0242097498058,3,,,101
3,4,doc_000003,A_001,0.953145649907,0.0241232276958,0.0227311223971,3,,,101
4,5,doc_000004,A_001,0.942988234162,0.0306598744956,0.0263518913424,3,,,101
