document_index,run_id,protocol_id,scenario_id,theta_0,theta_1,theta_2,selected_k,doc_topic_prior,topic_word_prior,random_state
0,1,doc_000000,A_001,0.958078000671,0.0198214856601,0.0221005136692,3,,,42
1,2,doc_000001,A_001,0.0342172046587,0.930602263783,0.0351805315583,3,,,42
2,3,doc_000002,A_001,0.0247190997637,0.0297348761141,0.945546024122,3,,,42
3,4,doc_000003,A_001,0.0254327341381,0.0224725488347,0.952094717027,3,,,42
4,5,doc_000004,A_001,0.945068717625,0.0281864949984,0.0267447873763,3,,,42
