metric,value
model_name,LDA_prior
n_components,8
top_n,10
document_count,150
token_count,96
perplexity,99.19318297976437
mean_coherence,-0.627345744550935
topic_diversity,0.825
corpus_hash,5c68cbc758ee2bfff62e5f63770679249406af90454514fd4e954a054417f1a0
model_hash,e8bb166237c52ecdaf9b8f8d7fdd8c0160379a957cba9b694118495b9343270f
