document_index,run_id,protocol_id,scenario_id,theta_0,theta_1,theta_2,selected_k,doc_topic_prior,topic_word_prior,random_state
0,1,doc_000000,A_001,0.0198628687295,0.0208489872599,0.959288144011,3,,,11
1,2,doc_000001,A_001,0.0337430766732,0.932816210638,0.0334407126892,3,,,11
2,3,doc_000002,A_001,0.314629086294,0.660116408998,0.0252545047086,3,,,11
3,4,doc_000003,A_001,0.0261489069537,0.0223525901037,0.951498502943,3,,,11
4,5,doc_000004,A_001,0.0260417908342,0.946002532467,0.0279556766986,3,,,11
