metric,value
model_name,LDA_prior
n_components,3
top_n,10
document_count,5
token_count,32
perplexity,58.435311779755935
mean_coherence,0.23426872912916163
topic_diversity,0.8666666666666667
corpus_hash,18f86353c9a3a455c4ce8ff87ec05636d534b9a7f932c54b5798dd24fb337125
model_hash,04af6811ebeaf6e25c1ab98f5a114fdd2b31848232290405f4e3ee4c9faa782e
